Id del post,T√≠tulo,ups,downs,N√∫mero de comentarios,Autor,Fecha,link,subreddit
jggybd,La misma buena mierda de siempre,834,0,47,elyca98,2020-10-23 07:27:53,https://i.redd.it/eo80iz0p5su51.jpg,spain
jmk0m4,Piano man calmly keeps playing during riot in Barcelona,544,0,21,Daniel-MP,2020-11-02 10:42:50,https://v.redd.it/znzlse9qbpw51,spain
jhrydm,"Nos roban a Ibai, esto ya ha ido demasiado lejos.",539,0,45,TorrasGriso,2020-10-25 13:34:52,https://imgur.com/AKdLKxc.gifv,spain
jk7kk6,Una tarde alicantina,470,0,39,trashbagging,2020-10-29 12:28:40,https://i.redd.it/uvk2v9ttg0w51.jpg,spain
jm1qsj,"Pablo Alcaide, un chaval de 16 a√±os e hijo de una barrendera de Logro√±o, se ha levantado temprano para ir a limpiar el centro de la ciudad tras los incidentes de anoche. Convoc√≥ a sus amigos y no ha estado solo",456,0,17,tuidelescribano,2020-11-01 14:52:59,https://v.redd.it/k1vkd2jalmw51,es
jkcja1,Tiempos dif√≠ciles,449,0,19,Diaiches,2020-10-29 17:50:10,https://i.redd.it/vqkh99s622w51.jpg,es
jhd4r1,"Dicen que el Monte Masatrigo, en Extremadura, es la rotonda m√°s bonita de Europa",403,0,18,elviajedelmapache,2020-10-24 19:42:39,https://i.redd.it/pryu0uiox2v51.jpg,spain
jmmg24,Estaba claro el uso que le iban a dar los sevillanos al robot de Boston Dynamics‚Äã,391,0,33,tuidelescribano,2020-11-02 14:22:05,https://v.redd.it/9fs4tm2oktw51,es
jdn8ij,"Por fin podr√°s terminar de leer El Quijote, lo han editado en Comic Sans.",325,0,27,tuidelescribano,2020-10-18 22:06:06,https://www.reddit.com/gallery/jdn8ij,es
jicq22,Coronavirus: por esto en Espa√±a estamos a tope üßü,322,0,68,MVenusM,2020-10-26 13:19:24,https://v.redd.it/x7gqmnbxafv51,es
jjuwe0,üòÇüòÇ,321,0,13,i-am2019,2020-10-28 21:47:17,https://i.redd.it/7lt8dwwk3wv51.jpg,spain
jd2m2c,V√≠deo del mural de Pejac,307,0,9,tuidelescribano,2020-10-17 22:33:40,https://v.redd.it/zj0jfddttpt51,es
ji04is,Sur de Madrid en general,294,0,26,cociditodemadrid,2020-10-25 22:07:39,https://v.redd.it/xclskazdsav51,es
jlh49k,Saquean el Decathlon de Barcelona durante las protestas. Los delincuentes huyeron en bicicletas.,291,0,121,tuidelescribano,2020-10-31 13:54:41,https://v.redd.it/2nvqklny5fw51,es
jlf4ny,Proporci√≥n de de trabajadores que han perdido su empleo en el segundo trimestre. spain FTW,286,0,57,Suissetralia,2020-10-31 10:54:35,https://i.redd.it/csqgc0qbz6w51.jpg,spain
jj5z8h,"Whoever defends the ""winter dayligth saving time"" in Spain is a goddamn moron",285,0,145,albertogw,2020-10-27 19:48:31,https://www.reddit.com/r/spain/comments/jj5z8h/whoever_defends_the_winter_dayligth_saving_time/,spain
jb1e5g,"La bandera espa√±ola vuelve a brillar en el edificio m√°s alto del mundo, El Burj Khalifa, celebrando El D√≠a Nacional de Espa√±a.",278,0,56,EAUEspanol,2020-10-14 16:11:29,https://i.redd.it/s3jmwe2wi2t51.jpg,es
jg5g40,8 meses despu√©s de la misma cantinela 24/7 ya estamos inmunizados medi√°ticamente,274,0,47,KdeKyurem,2020-10-22 20:31:50,https://i.redd.it/r3ja6m0nwou51.jpg,spain
jh4rsa,¬°La luminosa Granada!,263,0,7,trashbagging,2020-10-24 09:20:42,https://i.redd.it/jjlvf9bquzu51.jpg,spain
jjlq76,La culpa es de los j√≥venes,234,0,15,alejandrosnz,2020-10-28 13:07:00,https://v.redd.it/amfrqn8pitv51,es
jfjju4,El arte de la tapa murciana,233,0,16,tuidelescribano,2020-10-21 21:16:16,https://i.redd.it/hmde0fhnzhu51.jpg,es
jjnsei,"Visto en Canarias, buen uso de las comillas!",227,0,18,wasiflu,2020-10-28 15:32:23,https://imgur.com/U2NFe4S,spain
jfu3w0,History of Spain (XIX-XX),220,0,37,Alegigo,2020-10-22 08:01:15,https://www.reddit.com/gallery/jfu3w0,spain
jjbeqw,Y ni siquiera llevan mascarilla.,208,0,4,Warjilla,2020-10-28 00:22:58,https://i.redd.it/gjjbk1yfqpv51.jpg,es
jl4jb3,Backup arrives for Spanish police as they try deal with anti-lockdown rioters - 30th October,206,0,50,BasedWebDeveloper,2020-10-30 22:27:02,https://v.redd.it/45k4vjiwjaw51,spain
jg3nsv,A Coru√±a ‚ù§Ô∏è,204,0,14,keerli,2020-10-22 19:02:55,https://i.redd.it/4izv736sgou51.jpg,spain
jg7h8g,Estamos salvados....,203,0,18,dgciaperez,2020-10-22 22:09:32,https://i.redd.it/yk3ampv2epu51.jpg,es
jm6m3m,Domingo finest place‚Äôs - Malaga (Puerto) üá™üá∏ üî•üî•üî•üî•,192,0,3,SPX777,2020-11-01 19:55:10,https://i.redd.it/3zanl8y73ow51.jpg,spain
jc4iq0,My cat Nilo. 2020,191,0,11,Artdisoni,2020-10-16 08:05:26,https://i.redd.it/5h42gdj0eet51.jpg,es
jmltk7,A Boston Dynamics robot serving beers in Seville,190,0,26,scrich,2020-11-02 13:31:38,https://v.redd.it/wdl0a89obtw51,spain
jlnahj,Mi amigo Tatsu me ha recordado con esta foto que es halloween üéÉ,189,0,4,david_gpuerta,2020-10-31 20:20:15,https://i.redd.it/cflzuscs2hw51.jpg,spain
jcupnw,"""Distanciamiento social"" mural de Pejac en el Hospital Universitario Marqu√©s de Valdecilla en Santander",187,0,20,tuidelescribano,2020-10-17 15:00:52,https://www.reddit.com/gallery/jcupnw,es
jh7bpe,Un jabal√≠ se hace el muerto y ataca a los cazadores cuando se disponen a cobrar su pieza,177,0,67,lost_battle,2020-10-24 13:24:14,https://v.redd.it/obtnr4s321v51,es
jhhkyz,Ahora que est√° de moda la devoluci√≥n del patrimonio art√≠stico robado. Este cuadro actualmente en la National Gallery de Londres fue robado en 1813 del Palacio Real de Madrid. Se trata del Retrato de Giovanni Arnolfini y su esposa del pintor flamenco Jan van Eyck,159,0,23,tuidelescribano,2020-10-24 23:55:32,https://i.redd.it/n7pfyfrr64v51.jpg,es
jiwpbz,‚óÑ‚óã‚ñ∫ ’ß—µ“Ωùü∑ (80s),152,0,20,Crul_,2020-10-27 09:28:05,https://i.imgur.com/Me3d3wL.gifv,spain
jluub1,Estafa Precios Consumo de Agua,129,0,8,Salones500,2020-11-01 04:16:05,https://www.reddit.com/r/spain/comments/jluub1/estafa_precios_consumo_de_agua/,spain
jixxxp,"Eroski, Supersol y Mercadona son las cadenas que m√°s han subido sus precios durante la pandemia, seg√∫n la OCU. Mercadona es la m√°s se√±alada del informe: el incremento en sus productos frescos ha llegado al 8% y es el √∫nico supermercado que subi√≥ precios durante los meses de confinamiento",128,0,16,lost_battle,2020-10-27 11:26:54,https://www.eldiario.es/economia/eroski-supersol-mercadona-son-cadenas-han-subido-precios-durante-pandemia-ocu_1_6324811.html,es
jj3hsu,Nuestra clase pol√≠tica pas√°ndose por el forro todas las recomendaciones que nos pretenden imponer.,125,0,45,Cogollo00,2020-10-27 17:41:10,https://i.redd.it/58f77ccrqnv51.jpg,SpainPolitics
jn8de5,"Monumento ‚ÄúInternational Brigade‚Äù (Jubilee Gardens, Londres). Dedicado a quienes partieron hacia Espa√±a para combatir en la guerra civil.",122,0,13,Roos_29,2020-11-03 13:02:35,https://i.redd.it/jrs4cwlfb0x51.jpg,spain
jgv312,‚ù§Ô∏è,116,0,16,keerli,2020-10-23 22:28:02,https://i.redd.it/uz5dlnw8mwu51.jpg,spain
jcbz6s,Los bares catalanes lamentan que les cierren justo ahora que iban a empezar a regalar tapas con cada cerveza,115,0,23,tuidelescribano,2020-10-16 17:33:48,https://www.elmundotoday.com/2020/10/los-bares-catalanes-lamentan-que-les-cierren-justo-ahora-que-iban-a-empezar-a-regalar-tapas-con-cada-cerveza/,es
jg0da3,Amaneceres de oto√±o que don un espect√°culo. Menuda intensidad de naranja.,112,0,4,david_gpuerta,2020-10-22 16:12:30,https://i.redd.it/xi7k032bmnu51.jpg,spain
jmzm7b,Never thought about it,103,0,5,FieraDeidad,2020-11-03 02:06:34,https://i.imgur.com/SMaYLtn.png,spain
jhs9mg,S√°nchez aprueba un nuevo estado de alarma para toda Espa√±a con intenci√≥n de que se prolongue hasta abril. El nuevo decreto ampara un confinamiento nocturno de las once de la noche a seis de la ma√±ana en todo el pa√≠s,94,0,62,tuidelescribano,2020-10-25 14:03:14,https://elpais.com/espana/2020-10-25/sanchez-aprueba-un-nuevo-estado-de-alarma-para-toda-espana-con-intencion-de-que-se-prolongue-hasta-abril.html,es
jmenix,"Los m√∫sicos del Titanic, versi√≥n Barna",92,0,12,Mikelerenchun,2020-11-02 03:44:38,https://v.redd.it/tm1laydieqw51,SpainPolitics
jjkmqk,"Inauguraci√≥n del alumbrado de calle M√°rmoles. A la dha. Ermita de la cofrad√≠a del Cristo de los Milagros y la Virgen de la Amargura, conocida popularmente como La Zamarrilla. M√°laga, Andaluc√≠a [c. 1950s-60s]",91,0,2,tiggerclaw,2020-10-28 11:30:15,https://i.redd.it/t1abgbnwcyr51.jpg,spain
jbjxab,"Dentro de una fiesta clandestina: ‚ÄúSi llega la polic√≠a, dices que no pagaste por venir y que trajiste la bebida‚Äù",86,0,43,Suissetralia,2020-10-15 10:50:13,https://elpais.com/espana/madrid/2020-10-14/dentro-de-una-fiesta-clandestina-si-llega-la-policia-dices-que-no-pagaste-por-venir-y-que-trajiste-la-bebida.html,es
jlbu0m,Cumplea√±os y soledad,85,0,27,Soulthar,2020-10-31 05:55:20,https://www.reddit.com/r/es/comments/jlbu0m/cumplea√±os_y_soledad/,es
jltp46,Protests against recent government actions in Madrid.,83,0,27,emilydickinsonsdress,2020-11-01 02:55:57,https://v.redd.it/8os3h0i01jw51,spain
jgivwa,"La Universidad de Tokio define el porcentaje de eficacia de todas las mascarillas. ""Cuando al emisor le colocaron una mascarilla N95 colocada apropiadamente, el contagio del receptor se redujo casi al 100%""",82,0,5,lost_battle,2020-10-23 10:01:47,https://www.abc.es/sociedad/abci-tela-quirurgicas-o-universidad-tokio-define-porcentaje-eficacia-todas-mascarillas-202010221726_noticia.html,es
jkbzh9,Pol√≠ticos Espa√±oles (siglos XX y XXI),81,0,12,Alegigo,2020-10-29 17:21:12,https://www.reddit.com/gallery/jkbzh9,SpainPolitics
jcqu5o,‚ÄºÔ∏è Espa√±oles ha llegado la hora: ¬øC√≥mo llamais a la cinta adhesiva?,78,0,69,iMetroidling,2020-10-17 09:23:14,https://www.reddit.com/r/es/comments/jcqu5o/espa√±oles_ha_llegado_la_hora_c√≥mo_llamais_a_la/,es
jl1wk8,1960s Barcelona: Stunning Vintage Photos Show Street Scenes and Everyday Life,76,0,5,WildVillage7,2020-10-30 20:06:50,https://bygonely.live/barcelona-1960s,spain
jay9r1,Recopilatorio para descargar miles de libros gratis en espa√±ol. Buen inicio de curso!,76,0,12,MVenusM,2020-10-14 12:39:39,https://www.recursosyformacion.com/5-sitios-donde-descargar-legalmente-libros-en-espanol/,es
jhu0d1,"el n√∫mero de linces ib√©ricos sigue subiendo, salv√°ndolos de la extinci√≥n",60,0,8,CounterproductiveAim,2020-10-25 16:15:53,https://www.theguardian.com/environment/2020/oct/25/the-lynx-effect-iberian-cat-claws-its-way-back-from-brink-of-extinction,spain
jgkw5m,Cada color tiene una poblaci√≥n equivalente,59,0,14,inkms,2020-10-23 12:55:49,https://i.redd.it/yqtnlgj2stu51.png,spain
jmmhiy,Edificio metr√≥poli en Madrid,58,0,3,risasdefondo,2020-11-02 14:25:21,https://i.redd.it/kqk7o8haltw51.jpg,spain
jm0m50,Current position of Spain,58,0,71,kabir71,2020-11-01 13:14:08,https://www.reddit.com/r/spain/comments/jm0m50/current_position_of_spain/,spain
jn6ku0,¬°Por Fin! Montero avanza una 'Ley Trans' que reconoce la ¬´autodeterminaci√≥n de g√©nero¬ª y permite cambiar de sexo en el DNI sin informe m√©dico ni hormonas.,57,0,181,DasherPack,2020-11-03 10:10:47,https://www.elmundo.es/espana/2020/11/02/5fa0089921efa0e0228b461c.html,es
jmkixb,Calle San Agustin y la Catedral de Malaga al fondo. Un saludo,56,0,0,LightninHooker,2020-11-02 11:33:07,https://i.redd.it/a3s1g52kqsw51.jpg,spain
jm0d12,Pintada aparecida tras los disturbios,56,0,38,camaron28,2020-11-01 12:49:46,https://i.redd.it/r4wgcflbzlw51.jpg,SpainPolitics
jhhu6d,"Asturies Sunset, September '20",56,0,8,Superpilho,2020-10-25 00:10:23,https://i.redd.it/p5i4oaag94v51.jpg,spain
jmhvjt,Rajoyüò≥,55,0,9,SageManeja,2020-11-02 07:32:26,https://i.redd.it/4wqh14g2nnw51.jpg,Asi_va_Espana
jhh177,"Gracias a la borrasca B√°rbara ya corre el Ti√©tar en Monfrag√ºe, Extremadura.",55,0,1,malinowski14,2020-10-24 23:23:30,https://i.imgur.com/hijKWtU.jpg,spain
jk8a29,C√≥mo abordan los pol√≠ticos cualquier cosa,53,0,6,OOM-32,2020-10-29 13:28:15,https://i.redd.it/5n85euucr0w51.jpg,Asi_va_Espana
jiyyc8,Meme anti-subnormal,52,0,5,Lord_bold,2020-10-27 12:56:50,https://i.redd.it/bt7zjrzybmv51.png,Asi_va_Espana
jm00u8,Bolet√≠n Oficial de la provincia de Burgos sobre la gripe de 1918,51,0,4,iagovar,2020-11-01 12:13:57,https://imgur.com/pFd8lZK,SpainPolitics
jm9j06,Conf√≠a,51,0,17,sunmarin00,2020-11-01 22:36:19,https://i.redd.it/6l83u52zvow51.jpg,Asi_va_Espana
jjq9te,Esto explica muchas cosas,50,0,14,Lord_bold,2020-10-28 17:50:25,https://i.redd.it/zp6ifjcaxuv51.jpg,Asi_va_Espana
jhcwc9,"Y hoy, mi favorita ‚ù§Ô∏è",49,0,5,keerli,2020-10-24 19:29:20,https://i.redd.it/7mb6xunav2v51.jpg,spain
jenssd,Adolescente gana premio por investigaci√≥n para cura del covid-19,48,0,2,JoseCarlos1976,2020-10-20 13:41:23,https://cnnespanol.cnn.com/2020/10/19/adolescente-de-14-anos-gano-un-premio-de-us-25-000-por-un-descubrimiento-que-podria-conducir-a-una-cura-para-el-covid-19/,es
jg8ogv,¬°Planazo que no puede faltar en Madrid!,48,0,2,cuenta_O,2020-10-22 23:08:54,https://i.redd.it/8msbk4m15pu51.jpg,spain
jjlyhj,El rechazo del PSOE impide eliminar las injurias al rey del C√≥digo Penal como piden todos los socios de la investidura,48,0,27,Arealfanoftheshow,2020-10-28 13:25:48,https://www.eldiario.es/politica/rechazo-psoe-impide-eliminar-injurias-rey-codigo-penal-defienden-socios-investidura_1_6366241.html,SpainPolitics
jexdn2,La lluvia pl√°stica es m√°s real de lo que crees,47,0,5,Defpool,2020-10-20 22:01:46,https://hypertexto.com/lluvia-plastica/,es
jht6oi,Nuevo disfraz,47,0,2,OOM-32,2020-10-25 15:16:42,https://i.redd.it/yc6ukb84r8v51.jpg,Asi_va_Espana
jhad0y,Triste pero cierto,44,0,3,Lord_bold,2020-10-24 17:00:47,https://i.redd.it/uvr0b8is42v51.jpg,Asi_va_Espana
jlgnjn,Salimos m√°s fuertes/‚ô•Ô∏è,44,0,120,Cogollo00,2020-10-31 13:13:54,https://i.redd.it/ryo95gzpyew51.jpg,SpainPolitics
jk6nc2,30 Millones de im√°genes gratis de la Biblioteca Nacional para usar en MeMes üòú,44,0,0,MVenusM,2020-10-29 11:03:59,https://www.recursosyformacion.com/30-millones-de-imagenes-gratis-para-uso-libre/,es
jfb1oo,"En este aniversario recomiendo la lectura del primero de los Episodios Nacionales, cuando lo le√≠ hace un par de meses lo encontr√© muy entretenido",43,0,10,EduBA,2020-10-21 13:29:50,https://www.culturaydeporte.gob.es/cultura/areas/archivos/mc/red-bibliotecas-archivos-estatales/guias-lectura/benito-perez-galdos/historia-episodios-nacionales/1serie/trafalgar.html,es
jkyjqf,Pregunta de un argentino a los espa√±oles,38,0,13,mynameismati,2020-10-30 17:11:12,https://www.reddit.com/r/es/comments/jkyjqf/pregunta_de_un_argentino_a_los_espa√±oles/,es
jlp1cd,Halloween: covid edition,38,0,2,Lord_bold,2020-10-31 22:00:45,https://i.redd.it/h75lo4cokhw51.png,Asi_va_Espana
jgkcl8,Espa√±a es bastante grande,37,0,6,inkms,2020-10-23 12:09:10,https://i.redd.it/diweoudtjtu51.png,spain
jjuvhk,PSOE y Podemos dan a la Casa Real la mayor subida presupuestaria en una d√©cada,37,0,31,Cogollo00,2020-10-28 21:45:56,https://amp.vozpopuli.com/espana/casa-real-presupuesto_0_1405060003.html?__twitter_impression=true,SpainPolitics
jm14ec,A alguno le renta venirse al sahara?? Pillamos la balsa a pachas.,37,0,3,Jcid_,2020-11-01 14:00:25,https://v.redd.it/h400ii9sbmw51,Asi_va_Espana
ji6s0d,"No es m√≠a la idea, perd√≥n si ya la subieron",37,0,1,swimboyjuli,2020-10-26 04:46:05,https://i.redd.it/otn0tjckrcv51.jpg,es
jj6nz0,Solo los envidiosos dir√°n que es fake,36,0,2,cuenta_O,2020-10-27 20:23:04,https://i.redd.it/jmtgynakjov51.jpg,Asi_va_Espana
jjl4xd,„Äéùï∞ ùñò ùñä ùñë ùñí ùñî ùñí ùñä ùñì ùñô ùñî ùñâ ùñä ùñö ùñì ùñé ùñó ùñò ùñä„Äè,36,0,6,Sentient_Flesh,2020-10-28 12:16:46,https://i.redd.it/4ul176cb9tv51.jpg,Asi_va_Espana
jmnjl0,Triste pero cierto,36,0,2,beefeame,2020-11-02 15:39:10,https://v.redd.it/spv7iv5eytw51,spain
jlquu8,Detenido un asaltante tras poner a la venta en Wallapop una bici robada,35,0,20,Mikelerenchun,2020-10-31 23:50:21,https://www.lavanguardia.com/local/barcelona/20201031/49109465170/bicicleta-robada-decathlon-barcelona-detenido-disturbios.html,SpainPolitics
jmcjoq,"Eternal Flame en Barcelona, interprete @pianolitopeter",34,0,3,tuidelescribano,2020-11-02 01:31:00,https://v.redd.it/pj6f5684rpw51,es
jlgug7,Falacias l√≥gicas I,34,0,8,OOM-32,2020-10-31 13:31:02,https://i.redd.it/ota1utrq1fw51.gif,Asi_va_Espana
jjxzlh,¬øCre√©is que es posible tumbar el r√©gimen sin el trauma de la violencia? No hemos mejorado desde 2011,33,0,43,iagovar,2020-10-29 00:30:46,https://www.reddit.com/r/SpainPolitics/comments/jjxzlh/cre√©is_que_es_posible_tumbar_el_r√©gimen_sin_el/,SpainPolitics
jiaks4,ùòõ ùò¶ ùòÆ ùò± ùò∂ ùò¥ ùòç ùò∂ ùò® ùò™ ùòµ,33,0,1,Sentient_Flesh,2020-10-26 09:58:36,https://i.redd.it/1fxpbovxaev51.jpg,Asi_va_Espana
jkx8yo,LA MALDICION DE FRANKAMON - ¬øVITOR o COVID?,32,0,6,pirx_pilot88,2020-10-30 15:59:17,https://www.reddit.com/gallery/jkx8yo,Asi_va_Espana
jkwmaw,El nuevo hospital de pandemias promovido por Ayuso acumula un sobrecoste de m√°s de 46 millones de euros,31,0,38,pirx_pilot88,2020-10-30 15:20:54,https://www.elplural.com/politica/espana/hospital-pandemias-promovido-ayuso-acumula-sobrecoste-46-millones-euros_251881102,SpainPolitics
je4lqb,Los funcionarios mejor pagados de Espa√±a: listado y explicaci√≥n,30,0,9,MVenusM,2020-10-19 18:11:42,https://www.recursosyformacion.com/los-funcionarios-mejor-pagados/,es
jn812a,Falacias L√≥gicas III,29,0,3,OOM-32,2020-11-03 12:30:30,https://i.redd.it/61rit0ao50x51.gif,Asi_va_Espana
jgvu9f,Spain [4] - 0 Czech Republic - Alexia Putellas (Great Volley),29,0,1,CrazyLanguageEnglish,2020-10-23 23:08:17,https://streamable.com/akbxej,spain
jm1cku,"""Los que llamaban terroristas a los CDR por cortar una carretera son los que ahora llaman descontentos a los nazis""...",28,0,4,Subversivo-Maldito,2020-11-01 14:19:52,https://www.reddit.com/r/podemos/comments/jm1cku/los_que_llamaban_terroristas_a_los_cdr_por_cortar/,podemos
jlzxne,"Ione Belarra: ""Barajamos un impuesto a pisos vac√≠os o forzar a bancos a sacarlos al alquiler""",28,0,2,Subversivo-Maldito,2020-11-01 12:04:40,https://www.reddit.com/r/podemos/comments/jlzxne/ione_belarra_barajamos_un_impuesto_a_pisos_vac√≠os/,podemos
jn72p7,"Anticorrupci√≥n investiga al rey Juan Carlos, a la reina Sof√≠a y a varios de sus familiares por el uso de tarjetas de cr√©dito opacas.",28,0,4,akakeki,2020-11-03 10:58:43,https://www.eldiario.es/politica/anticorrupcion-investiga-rey-juan-carlos-reina-sofia-familiares-tarjetas-credito-opacas_1_6382033.html,SpainPolitics
jmlato,Noam Chomsky: ¬´En 350 a√±os no ha habido nada como lo que estamos viendo ahora¬ª,27,0,5,Subversivo-Maldito,2020-11-02 12:46:12,https://www.reddit.com/r/podemos/comments/jmlato/noam_chomsky_en_350_a√±os_no_ha_habido_nada_como/,podemos
jm5ipb,La consigna de ciertos poderes medi√°ticos es ahora negar lo evidente. Dicen y dir√°n que los ataques a la polic√≠a y los disturbios no tienen que ver con la ultraderecha. [Pablo Iglesias],27,0,20,Subversivo-Maldito,2020-11-01 18:54:22,https://www.reddit.com/r/podemos/comments/jm5ipb/la_consigna_de_ciertos_poderes_medi√°ticos_es/,podemos
jg1ny8,"Arguinegu√≠n, Gran Canaria, esta ma√±ana.",27,0,18,plutanasio,2020-10-22 17:23:32,https://i.redd.it/y9jti7o0znu51.png,spain
jmojpw,Ciudadanos son LA VERG√úENZA DE EUROPA por sostener gobiernos con la ULTRADERECHA,26,0,8,shinkoru,2020-11-02 16:39:04,https://youtu.be/y0QrvHPLVvo,podemos
jdgw2t,"¬øOs habeis preguntado? ¬øPor que en Portugal 20 mascarillas vale 1,50‚Ç¨? y aqui vale hasta 5‚Ç¨ ""una solo"".",26,0,41,Snow_7c,2020-10-18 16:05:57,https://www.reddit.com/r/es/comments/jdgw2t/os_habeis_preguntado_por_que_en_portugal_20/,es
jm043l,Gritos y gestos neonazis en los disturbios de Madrid,26,0,5,Subversivo-Maldito,2020-11-01 12:23:43,https://www.reddit.com/r/podemos/comments/jm043l/gritos_y_gestos_neonazis_en_los_disturbios_de/,podemos
jkbm47,Foto exclusiva de Vladimiro Putin dando la orden del desembarco en Catalu√±a,25,0,2,SageManeja,2020-10-29 17:01:12,https://i.redd.it/k25d8dgqs1w51.png,Asi_va_Espana
jmmxmh,"Medios de Espa√±a ocultan a ""los fachas"" en los tumultos y vandalajes contra el gobierno",25,0,3,geocitiesPRESS,2020-11-02 14:58:00,https://0pinionpublica.blogspot.com/2020/11/medios-de-espana-ocultan-las-derechas.html,podemos
jh62n9,"Espa√±a y Emiratos √Årabes Unidos prosiguen su camino de cooperaci√≥n bilateral a trav√©s de la b√∫squeda de nuevas v√≠as de colaboraci√≥n, que se han puesto sobre la mesa en un reciente encuentro entre el Ministerio de Industria, Comercio y Turismo espa√±ol y el Ministerio de Econom√≠a emirat√≠.",25,0,17,EAUEspanol,2020-10-24 11:27:24,https://i.redd.it/pi2m5y88h0v51.jpg,es
jmn800,"Los m√∫sicos del Titanic, versi√≥n Barna",25,0,0,OOM-32,2020-11-02 15:17:33,https://v.redd.it/tm1laydieqw51,Asi_va_Espana
jfvr95,Need legal advice,25,0,18,Action_Limp,2020-10-22 10:24:46,https://www.reddit.com/r/spain/comments/jfvr95/need_legal_advice/,spain
jj3vmm,"La clase pol√≠tica y empresarial espa√±ola de fiesta, los trabajadores encerrados en su casa",24,0,10,antorcha00,2020-10-27 18:01:00,https://www.publico.es/tremending/2020/10/27/coronavirus-tremendo-cabreo-en-las-redes-con-la-clase-politica-y-empresarial-tras-la-gala-de-pedro-j-ramirez-en-pleno-estado-de-alarma/,es
jjii05,El √∫ltimo capricho 'ecologista' del presidente socialista de la Diputaci√≥n de Huelva: un Tesla de 95.000 euros,24,0,15,hiruburu,2020-10-28 08:05:46,https://www.elmundo.es/andalucia/2020/10/08/5f7f274021efa040738b4641.html,SpainPolitics
jkvevl,Vox tras ser acusado por 89750.......937598459 ves de ser nazi,24,0,6,gbhujru6yt,2020-10-30 13:59:10,https://v.redd.it/rdw96saq65w51,Asi_va_Espana
jm081h,"Son de extrema derecha, Ayuso. ¬øPor qu√© no se atreve a decirlo? [Rub√©n S√°nchez]",23,0,3,Subversivo-Maldito,2020-11-01 12:35:03,https://www.reddit.com/r/podemos/comments/jm081h/son_de_extrema_derecha_ayuso_por_qu√©_no_se_atreve/,podemos
jm07k9,"Que no te enga√±en. VOX quiere alborotar la calles e incendiarlas. No tienen proyecto de pa√≠s, usan el ODIO y la VIOLENCIA para ganar a todo un pueblo. No ser√°. Siguen la misma t√°ctica que Amanecer Dorado, son una organizaci√≥n criminal. Menos mal que gobernamos.",23,0,7,Subversivo-Maldito,2020-11-01 12:33:37,https://www.reddit.com/r/podemos/comments/jm07k9/que_no_te_enga√±en_vox_quiere_alborotar_la_calles/,podemos
jm0sel,"Bares, la gran extinci√≥n",23,0,7,getsemany,2020-11-01 13:30:43,https://www.abc.es/cultura/bares-la-gran-extincion,es
jmnqz5,A estas alturas del guion nadie puede llamarse a enga√±o y pensar que la actual presidenta puede dirigir con un m√≠nimo de solvencia una comunidad aut√≥noma de la complejidad que tiene Madrid. [Javier P√©rez Royo],23,0,2,Subversivo-Maldito,2020-11-02 15:52:33,https://www.reddit.com/r/podemos/comments/jmnqz5/a_estas_alturas_del_guion_nadie_puede_llamarse_a/,podemos
jiyasw,"La tasa de paro sube al 16,3% en el tercer trimestre: 355.000 parados m√°s sin los ERTE",23,0,109,Cogollo00,2020-10-27 12:00:12,https://amp.vozpopuli.com/economia-y-finanzas/dato-epa-tercer-trimestre-septiembre_0_1404759609.html?__twitter_impression=true,SpainPolitics
jlzsj3,"Para entender el contexto de los disturbios que promueve la ultraderecha tirando la piedra y escondiendo la mano, lean a Jos√© Manuel Martin Medem",23,0,17,Subversivo-Maldito,2020-11-01 11:49:39,https://www.reddit.com/r/podemos/comments/jlzsj3/para_entender_el_contexto_de_los_disturbios_que/,podemos
jf848k,Tomatina,22,0,1,happymooose,2020-10-21 09:06:28,https://i.redd.it/xnrnnzvddeu51.jpg,spain
jlhysi,üò≥,22,0,1,OOM-32,2020-10-31 15:00:25,https://i.redd.it/7rulzlq6obw51.jpg,Asi_va_Espana
jhu9jb,"Cazando el momento en que cesa de llover y sale un poco el ‚òÄ, despu√©s vuelta a la rutina de la lluvia.",22,0,2,david_gpuerta,2020-10-25 16:32:47,https://i.redd.it/1wrucymn49v51.jpg,spain
jlzywu,¬´Nos ganamos la vida trabajando y en diez minutos nos la arruinan¬ª: violencia y saqueos de la extrema derecha en Logro√±o.,22,0,3,Subversivo-Maldito,2020-11-01 12:08:21,https://www.reddit.com/r/podemos/comments/jlzywu/nos_ganamos_la_vida_trabajando_y_en_diez_minutos/,podemos
jfm533,"Echenique, condenado a pagar 11.040 euros por la contrataci√≥n irregular de su asistente - Republica.com",22,0,11,Moztruitu,2020-10-21 23:29:49,https://www.republica.com/2020/10/21/echenique-condenado-a-pagar-11-040-euros-por-la-contratacion-irregular-de-su-asistente/,es
jlnxd3,"Confinamiento madrile√±o a lo ayuso, el corrillo del fondo ya es de juzgado de guardia. Y van 10.419 muertos por covid y doblamos a la segunda comunidad que es Catalu√±a. La fiesta sigue.",22,0,10,tatorro,2020-10-31 20:56:28,https://i.redd.it/9ls0xtwo8hw51.png,podemos
jmr6gx,Amancio Ortega se embolsa casi 650 millones por el √∫nico dividendo de Inditex en 2020,21,0,78,ProfessionalRabbit32,2020-11-02 18:53:21,https://elpais.com/economia/2020-11-02/amancio-ortega-se-embolsa-casi-650-millones-por-el-unico-dividendo-de-inditex-en-2020.html,SpainPolitics
jli4x5,¬°Pillado! La conexi√≥n de Calvente con 'la cloaca verde' en la denuncia contra Podemos,21,0,8,alforo_,2020-10-31 15:12:11,https://www.reddit.com/r/podemos/comments/jli4x5/pillado_la_conexi√≥n_de_calvente_con_la_cloaca/,podemos
jm0oyy,"Otra noche de disturbios provocados por nazis y fascistas y alentados por los socios de PP y Cs en Murcia, Andaluc√≠a y Madrid. Si acaba habiendo un atentado terrorista de extrema derecha, ¬øPP y Cs romper√°n sus acuerdos con VOX? Lo dudo. Los tienen atrapados en la foto de Col√≥n. [Pablo Echenique]",21,0,4,Subversivo-Maldito,2020-11-01 13:21:50,https://www.reddit.com/r/podemos/comments/jm0oyy/otra_noche_de_disturbios_provocados_por_nazis_y/,podemos
jjvjcu,Extrapolando,21,0,3,Lord_bold,2020-10-28 22:20:28,https://i.redd.it/pxmq8lg69wv51.jpg,Asi_va_Espana
jlpoe1,Reacciones al inminente confinamiento,21,0,9,OOM-32,2020-10-31 22:39:02,https://i.redd.it/nrnxduderhw51.png,Asi_va_Espana
jj0gig,S√°nchez e Iglesias pactan subidas de impuestos a grandes empresas y rentas altas para cerrar los Presupuestos,21,0,33,Ramoncin,2020-10-27 14:47:48,https://elpais.com/espana/2020-10-27/sanchez-e-iglesias-pactan-subidas-de-impuestos-a-grandes-empresas-y-rentas-altas-para-cerrar-los-presupuestos.html,SpainPolitics
jlnty8,"Since the La Vuelta helicopter barely showed them, here are some pics I took yesterday of the lakes at La Farrapona / Lagos de Somiedo in Asturias",21,0,1,edrt_,2020-10-31 20:51:00,https://imgur.com/a/25rFQaW/,spain
jm09zd,"La extrema derecha, detr√°s de las concentraciones negacionistas y la violencia en Espa√±a",20,0,1,Subversivo-Maldito,2020-11-01 12:40:42,https://www.reddit.com/r/podemos/comments/jm09zd/la_extrema_derecha_detr√°s_de_las_concentraciones/,podemos
jfrvpf,Espa√±oles les pido ayuda con esta encuesta para mi tesis de arquitectura (uruguay). Muchas gracias,20,0,8,afefer,2020-10-22 05:16:21,https://forms.gle/voDx85PAhGSFW3XM9,spain
jm1m2g,Las protestas violentas convocadas por la ultraderecha contra el Gobierno se replican en todo el pa√≠s,20,0,1,Subversivo-Maldito,2020-11-01 14:42:24,https://www.reddit.com/r/podemos/comments/jm1m2g/las_protestas_violentas_convocadas_por_la/,podemos
jmrlor,"Esta ma√±ana, desde Podemos, hemos anunciado que vamos a trabajar en el Gobierno de Coalici√≥n para paralizar los desahucios sin alternativa habitacional. Mientras la ultraderecha quema contenedores y tira piedras a la Polic√≠a, nosotros a lo importante. [Pablo Echenique]",20,0,2,Subversivo-Maldito,2020-11-02 19:13:32,https://www.reddit.com/r/podemos/comments/jmrlor/esta_ma√±ana_desde_podemos_hemos_anunciado_que/,podemos
jmt7rr,"''Mi madre es barrendera', explicaba Pablo a c√°mara, 'y s√© lo que es deslomarse la espalda para traer un plato de comida a casa'''....ntonio Machado dec√≠a que 'En Espa√±a lo mejor es el pueblo'.",20,0,3,Subversivo-Maldito,2020-11-02 20:31:45,https://www.reddit.com/r/podemos/comments/jmt7rr/mi_madre_es_barrendera_explicaba_pablo_a_c√°mara_y/,podemos
jm1dwd,La extrema derecha de VOX detr√°s de las violentas manifestaciones,20,0,0,Subversivo-Maldito,2020-11-01 14:23:00,https://www.reddit.com/r/podemos/comments/jm1dwd/la_extrema_derecha_de_vox_detr√°s_de_las_violentas/,podemos
jhesuv,Constantina... Un pueblo de la sierra de Sevilla.,20,0,0,minerito21,2020-10-24 21:16:17,https://i.redd.it/xjxxqucee3v51.jpg,spain
jinogg,El porqu√© de una huelga de m√©dicos en pandemia,20,0,118,ThatGuy1741,2020-10-26 23:25:43,https://diariosanitario.com/porque-huelga-medicos/,SpainPolitics
jjmok6,Catalonia to invest in 'Catalan Nasa' space agency and satellites | World news | The Guardian,20,0,52,alexgmcm,2020-10-28 14:19:48,https://www.theguardian.com/world/2020/oct/27/catalonia-to-invest-in-catalan-nasa-space-agency-and-satellites,spain
jm0ft2,La extrema derecha alenta disturbios en varias ciudades contra las medidas de contenci√≥n del coronavirus,18,0,1,Subversivo-Maldito,2020-11-01 12:57:46,https://www.reddit.com/r/podemos/comments/jm0ft2/la_extrema_derecha_alenta_disturbios_en_varias/,podemos
jm1eca,Los fascistas alimentan la tensi√≥n y las protestas contra las restricciones y culpa a la izquierda de los disturbios,18,0,2,alforo_,2020-11-01 14:24:01,https://www.publico.es/politica/vox-alimenta-tension-manifestaciones-terminan-disturbios-heridos-culpa-izquierda-ocurrido-vox-alimenta-tension-protestas-restricciones-culpa-izquierda-disturbios.html,podemos
jlocn5,La embajada espa√±ola en Reino Unido siendo descaradamente instrumentalizada por un partido pol√≠tico.,18,0,25,Cogollo00,2020-10-31 21:20:52,https://i.redd.it/yojfnkhldhw51.jpg,SpainPolitics
jdl5r8,Estilo de vida de un software dev!,18,0,21,WandererGhost,2020-10-18 20:13:37,https://www.reddit.com/r/es/comments/jdl5r8/estilo_de_vida_de_un_software_dev/,es
jm1ku1,Sentencias,18,0,1,alforo_,2020-11-01 14:39:23,https://www.tercerainformacion.es/wp-content/uploads/2020/10/Sentencias-scaled-950x0-c-default.jpg,podemos
jl7kc3,En Santander tambi√©n hay palos...,18,0,5,KdeKyurem,2020-10-31 01:18:18,https://v.redd.it/h1dmtcdzebw51,spain
jlkeys,Joder con el Wallapop,18,0,8,SageManeja,2020-10-31 17:36:37,https://i.redd.it/o97rfu3e9gw51.png,Asi_va_Espana
jbjije,Anciano muerto Vall d‚ÄôHebron: Llevaba tres d√≠as muerto en un lavabo del hospital,18,0,4,kingfisher2018,2020-10-15 10:11:55,https://www.lavanguardia.com/sucesos/20201014/484083966200/hallan-anciano-muerto-lavabo-hospital-vall-hebron.html,es
jjp7sm,"La Guardia Civil afirma que Rusia ofreci√≥ 10.000 soldados a Catalu√±a y vincula a la Generalitat con el Kremlin, Assange y Snowden",18,0,24,Poposno,2020-10-28 16:54:14,https://www.eldiario.es/catalunya/guardia-civil-vincula-oriol-soler-estrategia-desinformacion-kremlin-assange-snowden-proces_1_6368478.html,SpainPolitics
jm1ge1,"Tras las huellas de los desaparecidos en el campo de concentraci√≥n de Albatera, uno de los lugares m√°s crueles de la represi√≥n franquista",17,0,0,alforo_,2020-11-01 14:28:36,https://www.publico.es/politica/represion-franquista-huellas-desaparecidos-campo-concentracion-albatera.html,podemos
jm1jo6,Podemos denuncia la reducci√≥n de medidas sanitarias por parte del Gobierno andaluz en el peor momento de la pandemia,17,0,0,alforo_,2020-11-01 14:36:39,https://www.tercerainformacion.es/articulo/actualidad/01/11/2020/podemos-denuncia-la-reduccion-de-medidas-sanitarias-por-parte-del-gobierno-andaluz-en-el-peor-momento-de-la-pandemia/,podemos
jjphce,No hay supermercado que se libre.,17,0,2,abca98,2020-10-28 17:08:06,https://i.redd.it/nfl1utmmpuv51.jpg,Asi_va_Espana
jmtw1f,El Congreso rinde este martes homenaje a Aza√±a con la √∫nica oposici√≥n de Vox,17,0,0,alforo_,2020-11-02 21:04:49,https://laultimahora.es/el-congreso-rinde-este-martes-homenaje-a-azana-con-la-unica-oposicion-de-vox/,podemos
jli5im,La carta de Granados que destapaba los trapos sucios de Marhuenda,16,0,0,alforo_,2020-10-31 15:13:21,https://laultimahora.es/la-carta-de-granados-que-destapaba-los-trapos-sucios-de-marhuenda/,podemos
jl8twy,Las protestas por las restricciones contra la covid-19 derivan en disturbios en Barcelona y Burgos,16,0,6,AdministrativePilot3,2020-10-31 02:35:17,https://elpais.com/espana/2020-10-30/las-protestas-por-las-restricciones-contra-la-covid-19-derivan-en-disturbios-en-barcelona-y-burgos.html,SpainPolitics
jiaqz6,Las prioridades en su sitio.,16,0,11,Lord_bold,2020-10-26 10:14:35,https://i.redd.it/1uyzrnw3eev51.jpg,Asi_va_Espana
jl9pwj,"Mmm no, creo que voy a hacer otra guerra en vez de mantener lo acordado :)",16,0,0,Lollex56,2020-10-31 03:32:07,https://i.redd.it/dkg1bg4s2cw51.jpg,Asi_va_Espana
jmroju,"Los movimientos sociales debemos esforzarnos en difundir racionalidad, en nuestros discursos y en la organizaci√≥n de la necesaria solidaridad. Luchar contra la entrop√≠a social que generan el confinamiento y la crisis.",16,0,3,Subversivo-Maldito,2020-11-02 19:17:41,https://www.reddit.com/r/podemos/comments/jmroju/los_movimientos_sociales_debemos_esforzarnos_en/,podemos
jj218s,Nilo posando. Nilo posing,16,0,2,Artdisoni,2020-10-27 16:22:42,https://i.redd.it/j74mpv2rcnv51.jpg,es
jl61a1,Gran Recogida de Alimentos 2020,15,0,2,Yvainne94,2020-10-30 23:50:18,https://www.reddit.com/r/spain/comments/jl61a1/gran_recogida_de_alimentos_2020/,spain
jjl6bb,"VOX tiene la oportunidad de cuestionar a Illa, y por una vez todos deber√≠amos estar de acuerdo",15,0,14,Marcoscb,2020-10-28 12:20:12,https://www.reddit.com/r/SpainPolitics/comments/jjl6bb/vox_tiene_la_oportunidad_de_cuestionar_a_illa_y/,SpainPolitics
jlslo2,Un vigilante nazi detenido con un arsenal en 2019 ser√° de los primeros en estrenar la ley valenciana contra el enaltecimiento de la dictadura,15,0,0,alforo_,2020-11-01 01:41:57,https://www.publico.es/sociedad/nazis-valencia-vigilante-nazi-detenido-arsenal-2019-sera-primeros-estrenar-ley-valenciana-enaltecimiento-dictadura.html,podemos
jmcp22,Ignacio Garriga (VOX) justifica el vandalismo de la extrema derecha,15,0,1,alforo_,2020-11-02 01:39:56,https://laultimahora.es/ignacio-garriga-vox-justifica-el-vandalismo-de-la-extrema-derecha/,podemos
jk6q0f,La embajada rusa confirma el env√≠o de 10(00).000 soldados a Catalunya bajo las √≥rdenes de Puigdemont.,15,0,13,RebelMago2,2020-10-29 11:10:46,https://i.redd.it/yrtwqhgx20w51.png,Asi_va_Espana
jk66cz,Plataforma en espa√±ol que ha recopilado +2000 cursos gratuitos,15,0,0,MVenusM,2020-10-29 10:17:57,https://www.elconfidencialdigital.com/articulo/cursos/plataforma-mas-2000-cursos-gratuitos-recopilados/20201028132354178981.html,es
jlqlrp,El resultado del 10N si Espa√±a tuviese el colegio electoral,15,0,8,Zhawr,2020-10-31 23:34:51,https://i.redd.it/3tqftl2i1iw51.jpg,SpainPolitics
jlh9g8,Necesito ayuda,15,0,3,PapelDeFumar,2020-10-31 14:06:31,https://i.redd.it/t3yvowo38fw51.jpg,spain
jm1dk7,La extrema derecha de VOX detr√°s de las violentas manifestaciones,15,0,3,alforo_,2020-11-01 14:22:10,https://laultimahora.es/la-extrema-derecha-de-vox-detras-de-las-violentas-manifestaciones/,podemos
jjlz8u,Vox pide 200 misiles para proteger a Espa√±a de Argelia y Marruecos,15,0,27,Ramoncin,2020-10-28 13:27:39,https://www.20minutos.es/noticia/4433751/0/vox-pide-200-misiles-para-proteger-a-espana-de-argelia-y-marruecos/,SpainPolitics
jltdsz,Mucho ojo tienen algunos...,14,0,67,camaron28,2020-11-01 02:34:07,https://i.redd.it/vg1tq32hxiw51.jpg,SpainPolitics
jmml0f,Orgullosa de unirme al club....Los querellados por el √≠nclito Villarejo somos legi√≥n. [Gloria Elizo],14,0,1,Subversivo-Maldito,2020-11-02 14:32:32,https://www.reddit.com/r/podemos/comments/jmml0f/orgullosa_de_unirme_al_clublos_querellados_por_el/,podemos
jl8di8,el PIB de estar en casa,14,0,5,gbhujru6yt,2020-10-31 02:07:30,https://i.redd.it/nd8bxaxpnbw51.png,Asi_va_Espana
jltaub,¬øQui√©n es Leopoldo L√≥pez?,14,0,0,westin-1,2020-11-01 02:28:37,https://hastaloshuevos.es/quien-es-leopoldo-lopez/,podemos
jltk0w,¬øQu√© datos se censuraron en los documentos de la CIA sobre Felipe Gonz√°lez?,14,0,0,westin-1,2020-11-01 02:46:14,https://euskalpmdeushd-vh.akamaihd.net/multimediahd/videos/2020/06/15/2618987/20200615_181343_1592244823.mp4,podemos
jlyca5,Pablo Iglesias PIDE DISCULPAS por los errores con el INGRESO M√çNIMO VITAL,14,0,3,shinkoru,2020-11-01 09:11:04,https://youtu.be/onUH0LAHCBU,podemos
jmtm2j,"""Cayetanitos, aprended algo"": la lecci√≥n de un joven, hijo de una barrendera, que convoc√≥ a sus amigos para limpiar tras los disturbios de Logro√±o",14,0,1,alforo_,2020-11-02 20:50:09,https://www.publico.es/tremending/2020/11/01/twitter-cayetanitos-aprended-algo-la-leccion-de-un-joven-hijo-de-una-barrendera-que-convoco-a-sus-amigos-para-limpiar-tras-los-disturbios-de-logrono/,podemos
jkvpkz,Abogados Cristianos se querella contra test de Rorschach porque en una de las manchas ¬´salen dos monjas sodomizadas por un obispo¬ª,14,0,3,Lord_bold,2020-10-30 14:20:49,https://www.eljueves.es/news/abogados-cristianos-se-querella-contra-test-rorschach-porque-manchas-salen-dos-monjas-sodomizadas-por-obispo_5105,Asi_va_Espana
jgo7ap,Periodista de OKDiario denunciado en Bolivia por racismo y discriminaci√≥n,14,0,0,Ramoncin,2020-10-23 16:31:24,https://lapatria.bo/2020/10/22/ministerio-publico-admite-la-denuncia-contra-entrambasaguas-por-racismo-y-discriminacion/,es
jkb6sw,Unable to find a resource to learn Castillian Spanish,14,0,21,EpicDoggos,2020-10-29 16:37:31,https://www.reddit.com/r/spain/comments/jkb6sw/unable_to_find_a_resource_to_learn_castillian/,spain
jlbqgs,Fanta L√≠mon!,13,0,24,bakingbitchh,2020-10-31 05:48:10,https://www.reddit.com/r/spain/comments/jlbqgs/fanta_l√≠mon/,spain
jmrj0a,"Nuestra vieja sociedad ya est√° muerta, simplemente hay quienes no lo saben. [Slavoj Zizek]",13,0,1,Subversivo-Maldito,2020-11-02 19:09:50,https://www.reddit.com/r/podemos/comments/jmrj0a/nuestra_vieja_sociedad_ya_est√°_muerta_simplemente/,podemos
jmidij,Recopilaci√≥n de convocatorias a manifestaciones.,13,0,29,O0uyeah,2020-11-02 08:13:06,https://threadreaderapp.com/thread/1323023107976765442.html,SpainPolitics
jlk358,Consejo sobre c√≥mo proceder contra Vodafone/Jazztel en caso de no devoluci√≥n de la penalizaci√≥n.,13,0,1,robotamen,2020-10-31 17:17:03,https://www.reddit.com/r/es/comments/jlk358/consejo_sobre_c√≥mo_proceder_contra/,es
jlirkg,Rafa Mayoral: ‚ÄúTeresa Rodr√≠guez ha intentado echar a Podemos e IU de Adelante y le ha salido el tiro por la culata‚Äù,13,0,7,alforo_,2020-10-31 15:55:19,https://www.reddit.com/r/podemos/comments/jlirkg/rafa_mayoral_teresa_rodr√≠guez_ha_intentado_echar/,podemos
jn74oc,"Anticorrupci√≥n investiga a Juan Carlos I, a la reina Sof√≠a y a otros familiares por el uso de tarjetas opacas",13,0,1,Subversivo-Maldito,2020-11-03 11:03:33,https://www.reddit.com/r/podemos/comments/jn74oc/anticorrupci√≥n_investiga_a_juan_carlos_i_a_la/,podemos
jkvl2r,Random espanish fact n√∫mero VI,12,0,5,Lord_bold,2020-10-30 14:11:47,https://i.redd.it/35disxd448w51.jpg,Asi_va_Espana
jjqsag,"The results of my Online Translator survey, English to Spanish",12,0,11,ddoherty958,2020-10-28 18:16:44,https://i.redd.it/umem2yit1vv51.png,spain
jksffa,¬øQue situaci√≥n gustar√≠a m√°s que pasase con la monarqu√≠a?,12,0,20,cuenta_O,2020-10-30 09:36:22,https://www.reddit.com/r/Asi_va_Espana/comments/jksffa/que_situaci√≥n_gustar√≠a_m√°s_que_pasase_con_la/,Asi_va_Espana
jlfxxi,M√°s sombras que luces: EPA y PIB,12,0,7,Default_II,2020-10-31 12:12:47,https://www.reddit.com/r/SpainPolitics/comments/jlfxxi/m√°s_sombras_que_luces_epa_y_pib/,SpainPolitics
jlqimt,"La falta de personal sigue lastrando los datos del covid: ""Tenemos las infraestructuras de Salud P√∫blica m√°s d√©biles de Europa"" (^_^)",12,0,4,Khyny,2020-10-31 23:29:26,https://www.infolibre.es/noticias/politica/2020/10/30/los_datos_del_covid_siguen_cuestion_siete_meses_despues_del_estallido_retrasos_por_falta_personal_manipulacion_cocina_112131_1012.html,podemos
jlrhzz,Conozca la vida secreta del fascista Leopoldo L√≥pez,12,0,0,padmasambaba,2020-11-01 00:30:24,https://youtu.be/OdnH5xq6N3M,podemos
jfcyhb,Goldman quiere devolver viviendas sociales pero el Gobierno de Ayuso lo rechaza,12,0,2,JoseCarlos1976,2020-10-21 15:38:26,https://www.elboletin.com/noticia/199733/mercado-inmobiliario/goldman-quiere-devolver-viviendas-sociales-pero-el-gobierno-de-ayuso-lo-rechaza.html,es
jn6zyl,"Nacho √Ålvarez: ""Cuando la recuperaci√≥n avance ser√° necesaria una reforma fiscal en profundidad""",12,0,0,Subversivo-Maldito,2020-11-03 10:50:49,https://www.reddit.com/r/podemos/comments/jn6zyl/nacho_√°lvarez_cuando_la_recuperaci√≥n_avance_ser√°/,podemos
jk8ker,Algo est√° fallando,12,0,2,lost_battle,2020-10-29 13:50:29,https://i.redd.it/8qa1lxdev0w51.jpg,es
jilt8r,Podemos pide al Gobierno medidas para vigilar las redes sociales y eliminar de inmediato mensajes de odio,11,0,54,codefluence,2020-10-26 21:52:49,https://www.europapress.es/nacional/noticia-podemos-pide-gobierno-medidas-vigilar-redes-sociales-eliminar-inmediato-mensajes-odio-20201025105740.html,SpainPolitics
jj6qrj,El Govern aprueba crear la Agencia Espacial de Catalunya y lanzar√° dos sat√©lites en el 2021,11,0,28,glamona,2020-10-27 20:27:04,https://www.lavanguardia.com/economia/20201027/4930365922/agencia-espacial-catalunya-satelites-puignero-nanosatelites.html,SpainPolitics
jm4wm9,Falacias L√≥gicas II,11,0,1,OOM-32,2020-11-01 18:18:14,https://i.redd.it/5le7pdfulnw51.gif,Asi_va_Espana
jm2qqu,"Vox apoya las protestas pero culpa ¬´a la extrema izquierda, los menas e infiltrados¬ª de los disturbios",11,0,26,Ramoncin,2020-11-01 16:05:11,https://www.abc.es/espana/abci-abascal-culpa-extrema-izquierda-menas-infiltrados-provocar-disturbios-y-saqueos-202010312053_noticia.html,SpainPolitics
jmvwuj,PP y VOX la misma cosa son,11,0,2,alforo_,2020-11-02 22:52:35,https://laultimahora.es/pp-y-vox-la-misma-cosa-son/,podemos
jfc4q7,Abascal ofrece convocar elecciones antes de que acabe el a√±o si prospera su moci√≥n de censura,11,0,19,kaelne,2020-10-21 14:47:52,https://www.elmundo.es/espana/2020/10/21/5f8fd9e1fc6c83447a8b4571.html,es
jj12r8,Mi planta la esta palmando. DEP,11,0,7,miscojonesensalsa,2020-10-27 15:26:37,https://i.redd.it/s9811frq2nv51.jpg,spain
jfksru,Coronavirus cases in Spain pass one million mark ‚Äì latest updates,11,0,0,retrotta,2020-10-21 22:19:37,https://www.trtworld.com/life/coronavirus-cases-in-spain-pass-one-million-mark-latest-updates-40746,spain
jkc7ss,"La guerra zombie esta llegando al sur de Espa√±a, dicen que est√°n intentando tomar Gibraltar",11,0,1,cuenta_O,2020-10-29 17:33:22,https://i.redd.it/0i1vnt08y1w51.jpg,Asi_va_Espana
jk4azq,Los 10.000 rusos-catalanes,11,0,12,RebelMago2,2020-10-29 07:22:58,https://www.reddit.com/r/Asi_va_Espana/comments/jk4azq/los_10000_rusoscatalanes/,Asi_va_Espana
jmdeec,Me pregunto en cu√°ntas tertulias criticar√°n esta semana a la gente de izquierdas que se moviliza para pedir m√°s m√©dicos y rastreadores al tiempo que blanquear√°n a la ultraderecha que alienta actos violentos y despu√©s acusa de cometerlos a ni√±os inmigrantes. (@RubenSanchezTW),11,0,2,strelit,2020-11-02 02:24:05,https://www.reddit.com/r/podemos/comments/jmdeec/me_pregunto_en_cu√°ntas_tertulias_criticar√°n_esta/,podemos
jm97vz,"Chile ya cambio la CConstituci√≥n de Pinochet, Argelia hace un refer√©ndum, el PsoE y PP cambiaron un articulo que quer√≠a Europa, aqu√≠ nos ""dieron"" una Constituci√≥n colando la monarquia, ajo y agua.",11,0,0,racortmen,2020-11-01 22:18:34,https://www.reddit.com/r/podemos/comments/jm97vz/chile_ya_cambio_la_cconstituci√≥n_de_pinochet/,podemos
jm1hoc,¬øQu√© se siente al estar en la piel de un joven nigeriano?,11,0,0,alforo_,2020-11-01 14:31:44,https://blogs.publico.es/otrasmiradas/39837/que-se-siente-al-estar-en-la-piel-de-un-joven-nigeriano/,podemos
jilofm,Se sigue evadiendo dar la identidad del comit√© de expertos,11,0,47,Cogollo00,2020-10-26 21:46:13,https://www.abc.es/sociedad/abci-simon-dice-no-merece-pena-lista-expertos-aconsejaron-estado-alarma-porque-larga-202010261939_noticia.html#vca=rrss&vmc=abc-es&vso=tw&vli=cm-general&_tcode=dHBkdmIy,SpainPolitics
jmvfvl,Vox alienta las protestas contra el estado de alarma y culpa de los disturbios a la ‚Äúextrema izquierda‚Äù (^_^),10,0,1,Khyny,2020-11-02 22:29:29,https://elpais.com/espana/2020-10-31/vox-alienta-las-protestas-contra-el-estado-de-alarma-y-culpa-de-los-disturbios-a-la-extrema-izquierda.html,podemos
jmm6cq,"La presi√≥n fiscal en Espa√±a se sit√∫a por debajo de la media europea... En el caso del impuesto de sociedades, el peso de este tributo en la recaudaci√≥n fiscal de Espa√±a fue del 6,8%, frente al 9,3% de media de la OCDE..",10,0,0,Subversivo-Maldito,2020-11-02 14:01:14,https://www.reddit.com/r/podemos/comments/jmm6cq/la_presi√≥n_fiscal_en_espa√±a_se_sit√∫a_por_debajo/,podemos
jlq8f4,El Miami Herald involucra a Leopoldo L√≥pez en una acci√≥n terrorista,10,0,0,alforo_,2020-10-31 23:11:42,https://laultimahora.es/el-miami-herald-involucra-a-leopoldo-lopez-en-una-accion-terrorista/,podemos
jkcsci,Teor√≠a del Valor del Meme,10,0,8,DGKeeper,2020-10-29 18:03:06,https://i.redd.it/l3e6stxge0w51.png,Asi_va_Espana
jm7tk3,¬ø¬øPerdona??,10,0,18,Lord_bold,2020-11-01 21:02:41,https://i.redd.it/b85aje44fow51.png,Asi_va_Espana
jfcz81,Jajamonte,10,0,6,Nicoczll,2020-10-21 15:39:43,https://i.redd.it/cva1s7ambgu51.jpg,spain
jf1175,Espa√±a: el gobierno estudia declarar el estado de alarma para imponer el toque de queda y frenar la segunda ola,10,0,7,AdministrativePilot3,2020-10-21 01:12:38,https://www.infobae.com/america/mundo/2020/10/20/espana-el-gobierno-estudia-declarar-el-estado-de-alarma-para-imponer-el-toque-de-queda-y-frenar-la-segunda-ola/,es
jm18io,La Transici√≥n espa√±ola fue una operaci√≥n encubierta de la CIA.,10,0,1,racortmen,2020-11-01 14:10:19,https://www.reddit.com/r/podemos/comments/jm18io/la_transici√≥n_espa√±ola_fue_una_operaci√≥n/,podemos
